<?xml version="1.0" encoding="UTF-8"?>
<!DOCTYPE tiles-definitions PUBLIC
       "-//Apache Software Foundation//DTD Tiles Configuration 3.0//EN"
       "http://tiles.apache.org/dtds/tiles-config_3_0.dtd">
       
<tiles-definitions>
	<definition name="base" template="/WEB-INF/jsp/layout.jsp">
		<put-attribute name="title" value=""></put-attribute>
		<put-attribute name="header" value="/WEB-INF/jsp/header.jsp"></put-attribute>
		<put-attribute name="menu" value="/WEB-INF/jsp/menu.jsp"></put-attribute>
		<put-attribute name="body" value=""></put-attribute>
		<put-attribute name="footer" value="/WEB-INF/jsp/footer.jsp"></put-attribute>
	</definition>       
	
	<definition name="home" extends="base">
		<put-attribute name="title" value="homePage"></put-attribute>
		<put-attribute name="body" value="/WEB-INF/jsp/home.jsp"></put-attribute>
	</definition>
	
	<definition name="contact" extends="base">
		<put-attribute name="title" value="contactPage"></put-attribute>
		<put-attribute name="body" value="/WEB-INF/jsp/contact.jsp"></put-attribute>
	</definition>
			
</tiles-definitions>
       
       
       
       